﻿IF OBJECT_ID('KAROK', 'U') IS NOT NULL DROP TABLE KAROK;
IF OBJECT_ID('SZAKOK', 'U') IS NOT NULL DROP TABLE SZAKOK;
IF OBJECT_ID('HALLGATOK', 'U') IS NOT NULL DROP TABLE HALLGATOK;


CREATE TABLE KAROK 
    (ID              NUMERIC(1) NOT NULL,
     NEV               VARCHAR(50),
     HELY                 VARCHAR(50),
	 TIPUS                 VARCHAR(50),
	 ALAPITASEVE              NUMERIC(4),
	 BEVETEL					NUMERIC(20),
	 HALLGATOKSZAMA					NUMERIC(10),
  CONSTRAINT KAROK_PRIMARY_KEY PRIMARY KEY (ID));

INSERT INTO KAROK VALUES (1,'KELETI','BUDAPEST','GAZDASÁGI',1998,1000000,243);
INSERT INTO KAROK VALUES (2,'NEUMANN','BUDAPEST','INFORMATIKAI',1996,2000000,277);
INSERT INTO KAROK VALUES (3,'BÁNKI','BUDAPEST','GÉPÉSZ',1995,1200000,500);
INSERT INTO KAROK VALUES (4,'ALBA REGIA','SZÉKESFEHÉRVÁR','GAZDASÁGI',1997,320000,120);

CREATE TABLE SZAKOK 
    (ID               NUMERIC(1) NOT NULL,
     KARID               NUMERIC(1) NOT NULL,
     NEV                 VARCHAR(50),
     EPULET                 VARCHAR(50),
     ALAPITASEVE            NUMERIC(4),
	 HALLGATOK				NUMERIC(4),
	 SZAKATLAG				NUMERIC(4),
  CONSTRAINT SZAKOK_FOREIGN_KEY FOREIGN KEY (KARID) REFERENCES KAROK (ID),
  CONSTRAINT SZAKOK_PRIMARY_KEY PRIMARY KEY (ID));


INSERT INTO SZAKOK VALUES (1,1,'GAZDASÁGINFORMATIKUS','TG',2016,65,4);
INSERT INTO SZAKOK VALUES (2,3,'GÉPÉSZMÉRNÖK','N',1999,78,2);
INSERT INTO SZAKOK VALUES (3,2,'MÉRNÖKINFORMATIKUS','BA',2007,97,3);
INSERT INTO SZAKOK VALUES (4,3,'BIZTONSÁGTECHNIKAI MÉRNÖK','N',2018,100,4);
INSERT INTO SZAKOK VALUES (5,2,'ÜZEMMÉRNÖKINFORMATIKUS','BA',2015,15,3);
INSERT INTO SZAKOK VALUES (6,4,'MENEDZSMENT','AA',2002,86,5);


CREATE TABLE HALLGATOK 
    (ID               NUMERIC(2) NOT NULL,
     SZAKID               NUMERIC(1) NOT NULL,
     NEV                 VARCHAR(50),
     SZULETESIEV                 NUMERIC(4),
     ATLAG            NUMERIC(3),
	 FELEVEKSZAMA		NUMERIC(2),
	 SZULETESIHELY		VARCHAR(50),

  CONSTRAINT HALLGATOK_FOREIGN_KEY FOREIGN KEY (SZAKID) REFERENCES SZAKOK (ID),
  CONSTRAINT HALLGATOK_PRIMARY_KEY PRIMARY KEY (ID));



INSERT INTO HALLGATOK VALUES (10,1,'NAGY ZSOLT',1995,440,1,'NAGYKANIZSA');
INSERT INTO HALLGATOK VALUES (11,2,'BÁNK GERGŐ',1994,420,2,'BUDAPEST');
INSERT INTO HALLGATOK VALUES (12,3,'CLARK ÁDÁM',1998,312,5,'DEBRECEN');
INSERT INTO HALLGATOK VALUES (13,4,'JÓN ÁKOS',1993,348,4,'KECSKEMET');
INSERT INTO HALLGATOK VALUES (14,5,'MATTIAS REX',1990,320,3,'BUDAPEST');
INSERT INTO HALLGATOK VALUES (15,6,'GERGŐ MÁTÉ',1988,243,6,'HERCEGHALOM');
INSERT INTO HALLGATOK VALUES (16,5,'TUTALYOS ALADÁR',1977,211,2,'PÉCS');
